{"cameraMode":{"drawMode":0,"name":"Shaded","section":"Shading Mode"},"sceneLighting":true,"audioPlay":false,"sceneViewState":{"showFog":true,"showMaterialUpdate":true,"showSkybox":true,"showFlares":true,"showImageEffects":true,"showParticleSystems":true},"in2DMode":false,"pivot":{"x":1.5856127738952637,"y":0.019458288326859475,"z":-2.886141061782837},"rotation":{"x":0.027312910184264184,"y":-0.2850726246833801,"z":0.008126928471028805,"w":0.9580821990966797},"size":10.180811882019043,"orthographic":true}