{"cameraMode":{"drawMode":0,"name":"Shaded","section":"Shading Mode"},"sceneLighting":false,"audioPlay":false,"sceneViewState":{"showFog":true,"showMaterialUpdate":false,"showSkybox":true,"showFlares":true,"showImageEffects":true,"showParticleSystems":true},"in2DMode":false,"pivot":{"x":-0.9807275533676148,"y":2.5957722663879396,"z":0.8048452734947205},"rotation":{"x":-0.000017999867850448936,"y":0.9999775290489197,"z":0.005999937187880278,"w":0.0029999418184161188},"size":96.1141586303711,"orthographic":true}