{"cameraMode":{"drawMode":0,"name":"Shaded","section":"Shading Mode"},"sceneLighting":true,"audioPlay":false,"sceneViewState":{"showFog":true,"showMaterialUpdate":false,"showSkybox":true,"showFlares":true,"showImageEffects":true,"showParticleSystems":true},"in2DMode":false,"pivot":{"x":5.029992580413818,"y":-1.836449384689331,"z":-4.422269344329834},"rotation":{"x":0.06275712698698044,"y":0.8632909655570984,"z":-0.11094184964895249,"w":0.4883464276790619},"size":10.0,"orthographic":true}